<?xml version='1.0' encoding='utf-8' standalone='no'?>
<!DOCTYPE hibernate-configuration PUBLIC
	        "-//Hibernate/Hibernate Configuration DTD 3.0//EN"
	        "http://www.hibernate.org/dtd/hibernate-configuration-3.0.dtd" [
	<!ENTITY databaseConfig SYSTEM "database.cfg.xml">
]>

<hibernate-configuration>
	<session-factory>
		<!-- Database connection settings -->
		&databaseConfig;

		<property name="hibernate.connection.provider_class">org.hibernate.connection.C3P0ConnectionProvider</property>

		<!--  c3p0 -->
		<property name="hibernate.c3p0.validate">true</property>
		<property name="hibernate.c3p0.min_size">5</property>
		<property name="hibernate.c3p0.max_size">25</property>
		<property name="hibernate.c3p0.timeout">300</property>
		<property name="hibernate.c3p0.max_statements">0</property>
		<property name="hibernate.c3p0.maxStatementsPerConnection">100</property>
		<property name="hibernate.c3p0.idle_test_period">3000</property>
		<property name="hibernate.c3p0.testConnectionOnCheckout">true</property>		
		<property name="hibernate.c3p0.testConnectionOnCheckin">true</property>

		<!-- SQL dialect -->
		<property name="dialect">org.hibernate.dialect.MySQLDialect</property>

		<!-- Enable Hibernate's automatic session context management -->
		<property name="current_session_context_class">thread</property>

		<!-- Disable the second-level cache -->
		<property name="cache.provider_class">org.hibernate.cache.NoCacheProvider</property>

		<!-- Echo all executed SQL to stdout -->
		<!-- <property name="show_sql">true</property> -->

		<!-- <property name="hbm2ddl.auto">validate</property> -->
		
		<!-- Audit -->
		<property name="org.hibernate.envers.audit_table_prefix">aud__</property>
		<property name="org.hibernate.envers.audit_table_suffix"></property>
		
		<mapping class="lk.express.admin.AccountStatus" />
		<mapping class="lk.express.admin.Agent" />
		<mapping class="lk.express.admin.AgentAllocation" />
		<mapping class="lk.express.admin.AgentRestriction" />
		<mapping class="lk.express.admin.Company" />
		<mapping class="lk.express.admin.Division" />
		<mapping class="lk.express.admin.Module" />
		<mapping class="lk.express.admin.PasswordResetToken" />
		<mapping class="lk.express.admin.Permission" />
		<mapping class="lk.express.admin.PermissionGroup" />
		<mapping class="lk.express.admin.PermissionSingle" />
		<mapping class="lk.express.admin.Person" />
		<mapping class="lk.express.admin.Staff" />
		<mapping class="lk.express.admin.User" />
		<mapping class="lk.express.admin.UserGroup" />
		<mapping class="lk.express.admin.UserLogin" />
		<mapping class="lk.express.admin.UserLight" />
		
		<mapping class="lk.express.api.APIToken" />
		
		<mapping class="lk.express.audit.AuditRevision" />

		<mapping class="lk.express.bean.Amenity" />
		<mapping class="lk.express.bean.Bus" />
		<mapping class="lk.express.bean.BusBusRoute" />
		<mapping class="lk.express.bean.BusFare" />
		<mapping class="lk.express.bean.BusHeldItem" />
		<mapping class="lk.express.bean.BusImage" />
		<mapping class="lk.express.bean.BusLight" />
		<mapping class="lk.express.bean.BusMobileLocation" />
		<mapping class="lk.express.bean.BusRoute" />
		<mapping class="lk.express.bean.BusRouteBusStop" />
		<mapping class="lk.express.bean.BusRouteLight" />
		<mapping class="lk.express.bean.BusSeat" />
		<mapping class="lk.express.bean.BusSector" />
		<mapping class="lk.express.bean.BusStop" />
		<mapping class="lk.express.bean.BusType" />
		<mapping class="lk.express.bean.City" />
		<mapping class="lk.express.bean.Client" />
		<mapping class="lk.express.bean.Country" />
		<mapping class="lk.express.bean.Coupon" />
		<mapping class="lk.express.bean.DiscountCode" />
		<mapping class="lk.express.bean.District" />
		<mapping class="lk.express.bean.OperationalStage" />
		<mapping class="lk.express.bean.Payment" />
		<mapping class="lk.express.bean.PaymentRefund" />
		<mapping class="lk.express.bean.Province" />
		<mapping class="lk.express.bean.Refund" />
		<mapping class="lk.express.bean.SeatingProfile" />
		<mapping class="lk.express.bean.Service" />
		<mapping class="lk.express.bean.TravelClass" />

		<mapping class="lk.express.cnx.BookingItemCancellation" />
		
		<mapping class="lk.express.reservation.Booking" />
		<mapping class="lk.express.reservation.BookingItem" />
		<mapping class="lk.express.reservation.BookingItemCharge" />
		<mapping class="lk.express.reservation.BookingItemDiscount" />
		<mapping class="lk.express.reservation.BookingItemMarkup" />
		<mapping class="lk.express.reservation.BookingItemPassenger" />
		<mapping class="lk.express.reservation.BookingItemTax" />
		<mapping class="lk.express.reservation.BookingLight" />
		<mapping class="lk.express.reservation.BookingStatus" />
		<mapping class="lk.express.reservation.Change" />
		<mapping class="lk.express.reservation.ChangeType" />
		<mapping class="lk.express.reservation.Passenger" />
		
		<mapping class="lk.express.rule.bean.Rule" />
		<mapping class="lk.express.rule.bean.RuleCancellationRule" />
		<mapping class="lk.express.rule.bean.RuleChargeRule" />
		<mapping class="lk.express.rule.bean.RuleCondition" />
		<mapping class="lk.express.rule.bean.RuleConditionGroup" />
		<mapping class="lk.express.rule.bean.RuleConditionSingle" />
		<mapping class="lk.express.rule.bean.RuleDiscountRule" />
		<mapping class="lk.express.rule.bean.RuleMarkupRule" />
		<mapping class="lk.express.rule.bean.RuleTaxRule" />
		
		<mapping class="lk.express.schedule.BusSchedule" />
		<mapping class="lk.express.schedule.BusScheduleBusStop" />
		<mapping class="lk.express.schedule.BusScheduleLight" />
		<mapping class="lk.express.schedule.OperationalSchedule" />
		
		<mapping class="lk.express.supplier.Conductor" />
		<mapping class="lk.express.supplier.Driver" />
		<mapping class="lk.express.supplier.MobileDevice" />
		<mapping class="lk.express.supplier.Supplier" />
		<mapping class="lk.express.supplier.SupplierAccount" />
		<mapping class="lk.express.supplier.SupplierContactPerson" />
		<mapping class="lk.express.supplier.SupplierGroup" />
		<mapping class="lk.express.supplier.SupplierPayment" />

		<mapping class="lk.express.reports.ReportType" />
		<mapping class="lk.express.reports.ReportParameter" />
	</session-factory>
</hibernate-configuration>